{"cameraMode":{"drawMode":0,"name":"Shaded","section":"Shading Mode"},"sceneLighting":false,"audioPlay":false,"sceneViewState":{"m_AlwaysRefresh":false,"showFog":true,"showSkybox":false,"showFlares":true,"showImageEffects":true,"showParticleSystems":true,"showVisualEffectGraphs":true,"m_FxEnabled":true},"in2DMode":false,"pivot":{"x":1.2858524322509766,"y":1.0033392906188965,"z":0.8983790874481201},"rotation":{"x":-0.09720124304294586,"y":-0.8616615533828735,"z":0.18687018752098084,"w":-0.4627894163131714},"size":4.9203362464904789,"orthographic":false}