{"cameraMode":{"drawMode":0,"name":"Shaded","section":"Shading Mode"},"sceneLighting":false,"audioPlay":false,"sceneViewState":{"m_AlwaysRefresh":false,"showFog":true,"showSkybox":false,"showFlares":true,"showImageEffects":true,"showParticleSystems":true,"showVisualEffectGraphs":true,"m_FxEnabled":true},"in2DMode":false,"pivot":{"x":0.021264851093292238,"y":0.03604713827371597,"z":0.0023326948285102846},"rotation":{"x":0.04279656708240509,"y":0.9449256658554077,"z":-0.29446929693222048,"w":0.13699200749397279},"size":0.21619172394275666,"orthographic":false}