{"cameraMode":{"drawMode":0,"name":"Shaded","section":"Shading Mode"},"sceneLighting":false,"audioPlay":false,"sceneViewState":{"m_AlwaysRefresh":false,"showFog":true,"showSkybox":false,"showFlares":true,"showImageEffects":true,"showParticleSystems":true,"showVisualEffectGraphs":true,"m_FxEnabled":true},"in2DMode":false,"pivot":{"x":0.021264851093292238,"y":0.03604713827371597,"z":0.0023326948285102846},"rotation":{"x":-0.5666452050209045,"y":-0.12956315279006959,"z":0.09052170813083649,"w":-0.8087781071662903},"size":0.07511969655752182,"orthographic":false}