{"cameraMode":{"drawMode":0,"name":"Shaded","section":"Shading Mode"},"sceneLighting":false,"audioPlay":false,"sceneViewState":{"m_AlwaysRefresh":false,"showFog":true,"showSkybox":false,"showFlares":true,"showImageEffects":true,"showParticleSystems":true,"showVisualEffectGraphs":true,"m_FxEnabled":true},"in2DMode":false,"pivot":{"x":1.0815722942352296,"y":1.8354406356811524,"z":3.8582563400268556},"rotation":{"x":0.33872538805007937,"y":-0.21574756503105164,"z":0.07698845118284226,"w":0.9130013585090637},"size":8.38957691192627,"orthographic":false}