{"cameraMode":{"drawMode":0,"name":"Shaded","section":"Shading Mode"},"sceneLighting":true,"audioPlay":false,"sceneViewState":{"m_AlwaysRefresh":false,"showFog":true,"showSkybox":false,"showFlares":true,"showImageEffects":true,"showParticleSystems":true,"showVisualEffectGraphs":true,"m_FxEnabled":true},"in2DMode":false,"pivot":{"x":0.42938217520713808,"y":1.1794477701187134,"z":0.6913514137268066},"rotation":{"x":0.03907395899295807,"y":-0.7655752301216126,"z":0.042406536638736728,"w":0.6415755748748779},"size":2.2888474464416506,"orthographic":false}