{"cameraMode":{"drawMode":0,"name":"Shaded","section":"Shading Mode"},"sceneLighting":true,"audioPlay":false,"sceneViewState":{"m_AlwaysRefresh":false,"showFog":true,"showSkybox":true,"showFlares":true,"showImageEffects":true,"showParticleSystems":true,"showVisualEffectGraphs":true,"m_FxEnabled":true},"in2DMode":false,"pivot":{"x":14.736434936523438,"y":-6.997154235839844,"z":11.101699829101563},"rotation":{"x":0.2220875769853592,"y":0.33317381143569949,"z":-0.08244241029024124,"w":0.9128876328468323},"size":12.350017547607422,"orthographic":false}