{"cameraMode":{"drawMode":0,"name":"Shaded","section":"Shading Mode"},"sceneLighting":true,"audioPlay":false,"sceneViewState":{"m_AlwaysRefresh":false,"showFog":true,"showSkybox":true,"showFlares":true,"showImageEffects":true,"showParticleSystems":true,"showVisualEffectGraphs":true,"m_FxEnabled":true},"in2DMode":false,"pivot":{"x":-1.6792901754379273,"y":0.8002039194107056,"z":2.390714168548584},"rotation":{"x":0.05736148729920387,"y":0.5439822673797607,"z":-0.03663907200098038,"w":0.8364354372024536},"size":3.074554443359375,"orthographic":false}