{"cameraMode":{"drawMode":0,"name":"Shaded","section":"Shading Mode"},"sceneLighting":true,"audioPlay":false,"sceneViewState":{"m_AlwaysRefresh":false,"showFog":true,"showSkybox":false,"showFlares":true,"showImageEffects":true,"showParticleSystems":true,"showVisualEffectGraphs":true,"m_FxEnabled":true},"in2DMode":false,"pivot":{"x":-1.7767534255981446,"y":1.9961708784103394,"z":6.607009410858154},"rotation":{"x":0.01040525734424591,"y":0.9852913022041321,"z":-0.1465163677930832,"w":0.09310419857501984},"size":1.0551058053970338,"orthographic":false}