{"cameraMode":{"drawMode":0,"name":"Shaded","section":"Shading Mode"},"sceneLighting":false,"audioPlay":false,"sceneViewState":{"m_AlwaysRefresh":false,"showFog":true,"showSkybox":false,"showFlares":true,"showImageEffects":true,"showParticleSystems":true,"showVisualEffectGraphs":true,"m_FxEnabled":true},"in2DMode":false,"pivot":{"x":-0.20820583403110505,"y":0.2212868481874466,"z":1.4682153463363648},"rotation":{"x":-0.18831992149353028,"y":-0.8050878047943115,"z":0.33255958557128909,"w":-0.45385611057281496},"size":0.8072144389152527,"orthographic":false}