{"cameraMode":{"drawMode":0,"name":"Shaded","section":"Shading Mode"},"sceneLighting":false,"audioPlay":false,"sceneViewState":{"m_AlwaysRefresh":false,"showFog":true,"showSkybox":false,"showFlares":true,"showImageEffects":true,"showParticleSystems":true,"showVisualEffectGraphs":true,"m_FxEnabled":true},"in2DMode":false,"pivot":{"x":-5.807214736938477,"y":3.412444829940796,"z":-0.28935766220092776},"rotation":{"x":0.12372105568647385,"y":0.7268859148025513,"z":-0.13588941097259522,"w":0.6618569493293762},"size":0.20372982323169709,"orthographic":false}